teta0,teta1
8476.881718143033,-0.021232909710306558
